Ground Truth MC JS,MC JS,Disc JS
0.28089967370033264,0.30783069133758545,0.3052813410758972
0.28666937351226807,0.23807449638843536,0.23234158754348755
0.23954465985298157,0.2702389359474182,0.2653628885746002
0.291553795337677,0.289809912443161,0.2532467842102051
0.3738679885864258,0.39626210927963257,0.39175915718078613
