Analytical KL,Ground Truth MC KL,MC KL,Disc KL
0.968212902545929,0.9677795171737671,1.0275905132293701,1.0311667919158936
0.989669144153595,0.9890374541282654,0.8538131713867188,0.8033589124679565
0.7798904776573181,0.7820280194282532,0.8427600264549255,0.8684831857681274
1.0174953937530518,1.0165486335754395,0.8785231709480286,0.816925048828125
1.4195109605789185,1.4188499450683594,1.417883276939392,1.3680349588394165
