Analytical KL,Ground Truth MC KL,MC KL,Disc KL
-,2.824800729751587,2.8758678436279297,0.7793099880218506
-,2.8283867835998535,2.781198263168335,1.768146276473999
-,2.829246759414673,2.8500819206237793,1.5190998315811157
-,2.830437660217285,2.799281597137451,2.0862255096435547
-,2.8240017890930176,2.8582613468170166,1.405703067779541
