Ground Truth MC JS,MC JS,Disc JS
0.4202195405960083,0.41854459047317505,0.24693536758422852
0.42271968722343445,0.4127104878425598,0.34501442313194275
0.4225294589996338,0.4338485598564148,0.33953261375427246
0.4215562343597412,0.4214017987251282,0.37954583764076233
0.4213094413280487,0.42647308111190796,0.34547555446624756
