Analytical KL,Ground Truth MC KL,MC KL,Disc KL
-,0.14743729944125047,0.15656724419896073,0.12217717617750168
-,0.031909127445598984,0.03542274131043196,-0.03829045221209526
-,0.07288979199113055,0.07500723853208126,0.0055794743821024895
-,0.21715954758429634,0.23713370968271819,0.15615332126617432
-,0.10215071549085387,0.10098292982875665,0.08484960347414017
