Ground Truth MC JS,MC JS,Disc JS
0.04639142502454169,0.02903459835776629,0.029555797576904297
0.009298593678797418,0.02926271214850353,-0.0016673803329467773
0.02209214230564249,0.014604958252748435,0.013077795505523682
0.07029251616613,0.11353052668385433,0.08926853537559509
0.03382260940939272,0.047005331189811914,0.019448816776275635
