Ground Truth MC JS,MC JS,Disc JS
0.05546190318262557,0.1043534993100304,0.04322659969329834
0.07410817748334834,0.19234320043745218,0.0008725523948669434
0.05432987694715046,0.04694230795330706,0.04549822211265564
0.0624286316273179,0.08941648891945399,0.0840570330619812
0.044378616382502,0.0004045973370184388,0.006682991981506348
