Analytical KL,Ground Truth MC KL,MC KL,Disc KL
-,0.1705482893297353,0.1953417482632903,0.030283823609352112
-,0.23400118354069757,0.23806508943656393,-0.00041142996633425355
-,0.18970019432351337,0.19824848053430277,0.1486780196428299
-,0.2431843215752982,0.25645043938125,0.13879962265491486
-,0.15000723672730729,0.1366906307772599,0.12638916075229645
