Ground Truth MC JS,MC JS,Disc JS
0.4216866195201874,0.39771193265914917,0.39722758531570435
0.4225875437259674,0.4305635094642639,0.42854541540145874
0.42056795954704285,0.38790494203567505,0.3920692503452301
0.4226650893688202,0.45044416189193726,0.4457680583000183
0.42255374789237976,0.40852755308151245,0.39639028906822205
