Analytical KL,Ground Truth MC KL,MC KL,Disc KL
-,0.239608661307014,0.2522878174932056,0.13280169665813446
-,0.29151670243701344,0.28392621584395655,0.1191113293170929
-,0.11535329940262079,0.12070134829076695,0.0743987187743187
-,0.16012777239323697,0.19290393021943145,0.12685748934745789
-,0.3293606570231303,0.2982768239563432,0.21722368896007538
