Ground Truth MC JS,MC JS,Disc JS
0.05502252134941929,0.05905524610428637,0.0208742618560791
0.062018256607326315,0.08184380142045453,0.034351855516433716
0.03291969652739511,0.01784317792056255,0.011239290237426758
0.040971368133654276,0.029940871595009775,0.03195643424987793
0.07128450939796818,0.06539037808719159,0.0657440721988678
