Ground Truth MC JS,MC JS,Disc JS
0.16854050099284934,0.22911202825335586,0.20915573835372925
0.16052920436483137,0.000665260302250642,0.0014992952346801758
0.12886304336677695,0.08380389550332387,0.06948879361152649
0.06990829670858201,0.017933473283461867,0.0005777478218078613
0.07562504659833807,0.07416356995388457,0.059601783752441406
