Analytical KL,Ground Truth MC KL,MC KL,Disc KL
-,0.9397464545361671,0.9572977396216275,0.6127971410751343
-,0.7621711073459787,0.6942127642934032,0.559575080871582
-,0.5214026678821366,0.5287027146024479,0.33993858098983765
-,0.239848236151973,0.23070325638816347,0.16043423116207123
-,0.303381927779259,0.3082715205289143,0.18285059928894043
