Analytical KL,Ground Truth MC KL,MC KL,Disc KL
-,2.8340280055999756,2.0480949878692627,1.386264443397522
-,2.823309898376465,2.8611197471618652,2.4910643100738525
-,2.822587490081787,2.6930301189422607,2.9462389945983887
-,2.8257646560668945,3.0303008556365967,2.998685121536255
-,2.8271496295928955,4.238429546356201,4.03348445892334
