Ground Truth MC JS,MC JS,Disc JS
0.42129310965538025,0.3567712604999542,0.34504997730255127
0.42180997133255005,0.3687521815299988,0.3475560247898102
0.42058441042900085,0.5083048343658447,0.5187858939170837
0.4219460189342499,0.6138935685157776,0.6160527467727661
0.42252886295318604,0.5572437047958374,0.5427922010421753
