Analytical KL,Ground Truth MC KL,MC KL,Disc KL
0.968212902545929,0.9691848158836365,0.8887103796005249,0.9175169467926025
0.989669144153595,0.9895147085189819,0.9395233392715454,0.28523489832878113
0.7798904776573181,0.7813752889633179,0.7484548091888428,0.4555742144584656
1.0174953937530518,1.0191128253936768,1.0644267797470093,0.9911392331123352
1.4195109605789185,1.4194016456604004,1.487443447113037,0.8937841057777405
