Ground Truth MC JS,MC JS,Disc JS
0.28061115741729736,0.2479899525642395,0.1763865351676941
0.2867538630962372,0.2954518795013428,0.16721493005752563
0.24012115597724915,0.22384130954742432,0.1537725329399109
0.2919762432575226,0.3347216844558716,0.2660745084285736
0.37512627243995667,0.4013599753379822,0.23628666996955872
