Ground Truth MC JS,MC JS,Disc JS
0.2805561423301697,0.2643853724002838,0.2421727478504181
0.2876814007759094,0.27547839283943176,0.24880391359329224
0.24095308780670166,0.23732316493988037,0.22366398572921753
0.290831059217453,0.3045508861541748,0.2700961232185364
0.37337544560432434,0.3651208281517029,0.3489286005496979
