Analytical KL,Ground Truth MC KL,MC KL,Disc KL
0.968212902545929,0.9669971466064453,0.9338234663009644,0.8034155368804932
0.989669144153595,0.9908818006515503,0.9989157915115356,1.0707932710647583
0.7798904776573181,0.7847492098808289,0.7587292194366455,0.8519333600997925
1.0174953937530518,1.01511812210083,1.017708659172058,0.952120840549469
1.4195109605789185,1.4166773557662964,1.4214459657669067,1.0961769819259644
