Analytical KL,Ground Truth MC KL,MC KL,Disc KL
0.968212902545929,0.9660531878471375,0.9789474010467529,0.9748198390007019
0.989669144153595,0.9896837472915649,1.0270028114318848,1.036012887954712
0.7798904776573181,0.7831870913505554,0.7721835970878601,0.7288240790367126
1.0174953937530518,1.0154004096984863,0.9942098259925842,1.1313934326171875
1.4195109605789185,1.4159246683120728,1.505183219909668,1.4310598373413086
