Ground Truth MC JS,MC JS,Disc JS
0.2800033688545227,0.2858649492263794,0.28101596236228943
0.2870354950428009,0.30212634801864624,0.2960594892501831
0.24013683199882507,0.22470945119857788,0.22012537717819214
0.2912013530731201,0.28195226192474365,0.2731184959411621
0.37308430671691895,0.40250277519226074,0.39531683921813965
