Ground Truth MC JS,MC JS,Disc JS
-,-,0.1336745321750641
-,-,0.1335967481136322
-,-,0.13505738973617554
-,-,0.1334533989429474
-,-,0.13239648938179016
