Analytical KL,Ground Truth MC KL,MC KL,Disc KL
-,-,-,0.32310691475868225
-,-,-,0.36045870184898376
-,-,-,0.30759114027023315
-,-,-,0.3046281635761261
-,-,-,0.3015499413013458
