Analytical KL,Ground Truth MC KL,MC KL,Disc KL
-,0.04944484495838693,0.05390161888884558,0.014072929508984089
-,0.11786418384025253,0.10620773789520405,0.08593728393316269
-,0.06313320251454671,0.055279042401912316,0.061226774007081985
-,0.052266895132518885,0.0519813476647756,0.036135490983724594
-,0.05964561993536797,0.05377558845436588,0.04774325340986252
