Ground Truth MC JS,MC JS,Disc JS
0.016008774714481144,0.02740874146171199,0.0016894638538360596
0.02911345404708683,0.02313474006772956,0.01739668846130371
0.015968019734839287,0.02430600708924999,-0.0011694729328155518
0.019387559357310458,-0.022586679673151318,-0.02602970600128174
0.020246576239988424,0.030719000958973966,0.01932099461555481
