Ground Truth MC JS,MC JS,Disc JS
0.2807725965976715,0.21880915760993958,0.12786820530891418
0.2874203324317932,0.39154744148254395,0.30735260248184204
0.24017393589019775,0.13674652576446533,0.15316134691238403
0.2930130064487457,0.4054744839668274,0.1601586639881134
0.3753288984298706,0.4468153417110443,0.3188435137271881
