Analytical KL,Ground Truth MC KL,MC KL,Disc KL
0.968212902545929,0.9692902565002441,1.0653116703033447,0.8565061688423157
0.989669144153595,0.9908421039581299,1.274338722229004,0.9826294779777527
0.7798904776573181,0.7813698053359985,0.8226434588432312,0.5171021223068237
1.0174953937530518,1.0214016437530518,1.1573833227157593,0.7013548612594604
1.4195109605789185,1.4199223518371582,1.5226117372512817,0.9538866877555847
