Ground Truth MC JS,MC JS,Disc JS
0.034988885088262506,0.08552599806091132,-0.003751039505004883
0.024455213446189904,0.014701173151421615,-0.0029581785202026367
0.02761297913781051,0.0654502973022845,0.00211256742477417
0.01142612599632167,-0.00883708561119299,-0.01356649398803711
0.01159970663291283,0.013323334994208937,0.001742243766784668
