Analytical KL,Ground Truth MC KL,MC KL,Disc KL
-,0.0990253480362623,0.09992556670101284,0.013952264562249184
-,0.07620027358086816,0.07102878052796213,0.044639959931373596
-,0.10319675915611178,0.11271552030251045,0.05798757076263428
-,0.02769238685852866,0.030157303537393345,0.06201224401593208
-,0.03366894927197916,0.02388693139837298,0.00816773809492588
