Ground Truth MC JS,MC JS,Disc JS
0.021858755442977135,0.021063877620024145,0.023295581340789795
0.007744157073889587,-0.000554042842205432,-0.012881577014923096
0.009599963304080299,0.022770061314073723,0.004500687122344971
0.0177795163779499,0.010305287632419438,-0.009552538394927979
0.015261469398387306,0.023940900712303766,0.009404540061950684
