Analytical KL,Ground Truth MC KL,MC KL,Disc KL
-,0.05893187453435386,0.056865379433347754,0.03850969672203064
-,0.029437640345768314,0.026146855843748873,0.007969102822244167
-,0.029195723317114158,0.03181453656669918,0.020918413996696472
-,0.07128310097009702,0.06165980575299446,0.039343882352113724
-,0.047344797566607394,0.046692534171925204,0.004619513172656298
