Analytical KL,Ground Truth MC KL,MC KL,Disc KL
-,0.048513401598588614,0.05105827513359318,0.03146684169769287
-,0.04749460770330661,0.04006069390926038,0.027860675007104874
-,0.0853334875496097,0.09350608893518107,0.05754989758133888
-,0.041637349189496325,0.03677632748669026,0.021325556561350822
-,0.02416629578315406,0.02334829463752785,0.044125013053417206
