Ground Truth MC JS,MC JS,Disc JS
0.01452149914973291,0.02219836844166771,0.014331310987472534
0.016723052712387023,-0.0023955835728068685,-9.655952453613281e-06
0.024979961381517302,0.04790807844922895,-0.0019600391387939453
0.014557144344592909,-0.0045306013546179075,-0.0007465481758117676
0.007893889409145007,0.01652158223111179,-0.0008829832077026367
