Ground Truth MC JS,MC JS,Disc JS
0.1296207605058782,0.15244578721324012,0.13093990087509155
0.032843617053891536,0.04064215284943089,0.00361710786819458
0.05166314034567303,0.019477708132546054,0.02325361967086792
0.04113984320589959,0.026174659417175762,0.015053272247314453
0.07531006924540845,0.0409125288041784,0.04207855463027954
