Analytical KL,Ground Truth MC KL,MC KL,Disc KL
-,1.0470959165658016,0.9756985244575933,0.47724881768226624
-,0.08877883368605712,0.10248742699314133,0.04405415058135986
-,0.25122128521697024,0.26398414492566813,0.18074192106723785
-,0.16655063902034756,0.20554028273574879,0.12394752353429794
-,0.3013655450264927,0.25604400362120994,0.19404946267604828
