Ground Truth MC JS,MC JS,Disc JS
0.4223431348800659,0.440282940864563,0.4364936351776123
0.42186200618743896,0.41920045018196106,0.4162624478340149
0.42126986384391785,0.3946884870529175,0.39404991269111633
0.4230864644050598,0.42531031370162964,0.4217088222503662
0.42211058735847473,0.4333159923553467,0.43032774329185486
