Analytical KL,Ground Truth MC KL,MC KL,Disc KL
-,2.834526300430298,2.9851677417755127,3.088507890701294
-,2.824387550354004,2.8270435333251953,2.867415428161621
-,2.8301761150360107,2.779876470565796,3.044326066970825
-,2.833622455596924,2.764530658721924,2.6742987632751465
-,2.825798749923706,2.894886016845703,2.887960433959961
