Ground Truth MC JS,MC JS,Disc JS
0.02199144360637679,0.02862587252764131,0.015593200922012329
0.008044111366038768,0.013717955449787048,0.007129937410354614
0.01632144805965834,0.03577464616727427,0.011773526668548584
0.014369801690795802,-0.021254312658504734,-0.027057170867919922
0.03022586342584442,0.04032611039380474,0.013712882995605469
