Analytical KL,Ground Truth MC KL,MC KL,Disc KL
-,0.07064407679299707,0.07142726009881598,0.04158974066376686
-,0.03037692185017018,0.030579440932873132,-0.015434417873620987
-,0.045463091865484764,0.04841025053015114,0.13248588144779205
-,0.0483089289216946,0.053413050374762974,0.039316777139902115
-,0.1005595464771299,0.09282825174703152,0.029525091871619225
