Analytical KL,Ground Truth MC KL,MC KL,Disc KL
-,0.028910768617872562,0.03349839764649715,0.002397756325080991
-,0.09965193376287924,0.10687933672665964,0.11456138640642166
-,0.04107944225354038,0.04784281759720331,-0.004741779062896967
-,0.10827576960147331,0.1128100427286012,-0.028607573360204697
-,0.09676435595350838,0.07921780107240381,0.08582934737205505
