Ground Truth MC JS,MC JS,Disc JS
0.009963254867820065,0.009651232702765387,-0.016874969005584717
0.03247871746744161,0.022943809952046937,0.02847445011138916
0.01648854689757623,0.01802245501597807,0.01659095287322998
0.03456371060710788,0.09717271223918988,0.019945621490478516
0.02979700000756907,0.05249829579817075,0.03214073181152344
