Analytical KL,Ground Truth MC KL,MC KL,Disc KL
-,2.8267853260040283,2.8319623470306396,2.5267186164855957
-,2.835249900817871,2.8316640853881836,3.918858528137207
-,2.8249940872192383,2.8804657459259033,2.2788984775543213
-,2.8369674682617188,2.9316651821136475,3.390803337097168
-,2.8202481269836426,2.9571127891540527,3.0686023235321045
