Ground Truth MC JS,MC JS,Disc JS
0.420785129070282,0.41063904762268066,0.3936375677585602
0.4228372871875763,0.42680758237838745,0.41927167773246765
0.42151057720184326,0.42362985014915466,0.4120912253856659
0.4231168031692505,0.4421616196632385,0.4229201376438141
0.4208778440952301,0.4358244240283966,0.41354748606681824
