Analytical KL,Ground Truth MC KL,MC KL,Disc KL
0.968212902545929,0.9670540690422058,0.9861242175102234,1.158381700515747
0.989669144153595,0.9903891682624817,1.3583171367645264,0.768149197101593
0.7798904776573181,0.7831481099128723,0.8634868860244751,0.7128825783729553
1.0174953937530518,1.0155588388442993,0.793793797492981,0.2780305743217468
1.4195109605789185,1.4196220636367798,2.1015841960906982,2.038029193878174
