Ground Truth MC JS,MC JS,Disc JS
0.28062134981155396,0.2290063202381134,0.22435757517814636
0.2875615060329437,0.28203362226486206,0.22172513604164124
0.24021518230438232,0.38748666644096375,0.3398262858390808
0.2912961542606354,0.30900460481643677,0.2880455255508423
0.37417516112327576,0.3944445252418518,0.37183889746665955
