Ground Truth MC JS,MC JS,Disc JS
0.2801578640937805,0.2580904960632324,0.19651061296463013
0.28867200016975403,0.2814563810825348,0.2010694444179535
0.24106116592884064,0.22614321112632751,0.1820465624332428
0.2928973436355591,0.288388192653656,0.19127634167671204
0.37482452392578125,0.3854834735393524,0.27160272002220154
