Analytical KL,Ground Truth MC KL,MC KL,Disc KL
0.968212902545929,0.9679815769195557,0.9170966148376465,0.5915576815605164
0.989669144153595,0.993720531463623,0.9987605214118958,0.6752170920372009
0.7798904776573181,0.7832880616188049,0.7513357996940613,0.8021312355995178
1.0174953937530518,1.021200180053711,1.0377278327941895,0.7259069085121155
1.4195109605789185,1.4184516668319702,1.4174944162368774,0.5301889181137085
