Analytical KL,Ground Truth MC KL,MC KL,Disc KL
0.968212902545929,0.966887354850769,0.7022345662117004,0.6785246729850769
0.989669144153595,0.9898280501365662,0.48568135499954224,0.39276185631752014
0.7798904776573181,0.7811862826347351,1.067194938659668,1.0761361122131348
1.0174953937530518,1.0160000324249268,0.9366680383682251,0.9624692797660828
1.4195109605789185,1.4188133478164673,1.010842204093933,1.0543866157531738
