Ground Truth MC JS,MC JS,Disc JS
0.2805321514606476,0.0331110954284668,0.028087854385375977
0.2871299982070923,0.13224872946739197,0.14926379919052124
0.23915381729602814,0.3378375768661499,0.31876951456069946
0.29136884212493896,0.20906147360801697,0.20680123567581177
0.37400078773498535,0.3843516707420349,0.3892699182033539
