Ground Truth MC JS,MC JS,Disc JS
0.4213717579841614,0.595360517501831,0.5174158811569214
0.4226067066192627,0.48753786087036133,0.3740735948085785
0.4227185547351837,0.38395076990127563,0.27286049723625183
0.4229313135147095,0.5986846685409546,0.406171053647995
0.42217695713043213,0.38692301511764526,0.28466227650642395
