Analytical KL,Ground Truth MC KL,MC KL,Disc KL
-,2.832617998123169,2.5661988258361816,0.6065921783447266
-,2.828038215637207,2.7196362018585205,1.2062722444534302
-,2.8216593265533447,2.7331039905548096,1.2771081924438477
-,2.8359975814819336,2.6018786430358887,0.8332417011260986
-,2.8322579860687256,2.8738186359405518,2.042585611343384
