Ground Truth MC JS,MC JS,Disc JS
0.42213305830955505,0.4249589145183563,0.22928094863891602
0.4220206141471863,0.4122917950153351,0.27543672919273376
0.420785129070282,0.4699532389640808,0.3687443733215332
0.4228244125843048,0.4439925253391266,0.3597756326198578
0.4226422905921936,0.4453585743904114,0.40907472372055054
