Ground Truth MC JS,MC JS,Disc JS
-,-,-0.001837313175201416
-,-,-0.0032047629356384277
-,-,-0.0014436841011047363
-,-,-0.0074735283851623535
-,-,-0.004079997539520264
