Analytical KL,Ground Truth MC KL,MC KL,Disc KL
-,-,-,-0.0011070865439251065
-,-,-,-0.0004716980329249054
-,-,-,0.004158782307058573
-,-,-,0.0037824634928256273
-,-,-,0.007511124014854431
