Analytical KL,Ground Truth MC KL,MC KL,Disc KL
-,2.831475257873535,2.685795307159424,2.7692837715148926
-,2.8268017768859863,2.8733937740325928,2.9834907054901123
-,2.8267898559570312,2.724719762802124,2.6028454303741455
-,2.834533929824829,2.4755513668060303,2.995084762573242
-,2.830796003341675,2.5834696292877197,2.0811662673950195
