Ground Truth MC JS,MC JS,Disc JS
0.4220466911792755,0.38304638862609863,0.35497015714645386
0.42266902327537537,0.3977236747741699,0.357390820980072
0.4207516014575958,0.41821563243865967,0.4136189818382263
0.42249366641044617,0.38966232538223267,0.3867185711860657
0.42336341738700867,0.3727322220802307,0.3554035425186157
