Ground Truth MC JS,MC JS,Disc JS
0.28004971146583557,0.29058951139450073,0.29234281182289124
0.2873021364212036,0.32970789074897766,0.3072369396686554
0.23978237807750702,0.21865549683570862,0.20887359976768494
0.29132476449012756,0.3140086531639099,0.27590882778167725
0.37306782603263855,0.41205358505249023,0.3833978474140167
