Analytical KL,Ground Truth MC KL,MC KL,Disc KL
0.968212902545929,0.9657868146896362,1.0106850862503052,0.9825155735015869
0.989669144153595,0.98992919921875,1.0925148725509644,1.0464668273925781
0.7798904776573181,0.7823423147201538,0.7264140844345093,0.7671852111816406
1.0174953937530518,1.0155174732208252,1.105492353439331,1.1441572904586792
1.4195109605789185,1.4168440103530884,1.6331971883773804,1.5554863214492798
