Analytical KL,Ground Truth MC KL,MC KL,Disc KL
-,0.03437061669799885,0.032907187997673074,-2.6924193662125617e-05
-,0.04569940264409952,0.037429738570829534,0.012819360010325909
-,0.04459508691570468,0.05057254693308646,0.07385198026895523
-,0.058613972692658535,0.05224070038221271,0.04331633821129799
-,0.029870352986423064,0.022535363840778283,0.050123896449804306
