Ground Truth MC JS,MC JS,Disc JS
0.012842829675260252,0.02788345101786501,-0.0036759376525878906
0.013917521735024403,0.004047270731393349,0.006523847579956055
0.011295643293517479,0.014331893273014724,-0.006166398525238037
0.018995484178708277,-0.0005334383115971177,-0.006156980991363525
0.008292200347630965,0.019532829735881867,-0.009129971265792847
