Ground Truth MC JS,MC JS,Disc JS
0.04290591648682418,0.04806652202680545,0.039130836725234985
0.013131510225910581,0.02328041385169046,0.009457200765609741
0.0219601195526374,0.03086434492636629,-0.0014503002166748047
0.022762567451700508,-0.0018666109484529944,-0.005340933799743652
0.023538672807177304,0.005357285060925025,-0.003865063190460205
