Analytical KL,Ground Truth MC KL,MC KL,Disc KL
-,0.15748379197114393,0.1818696834732522,0.11950811743736267
-,0.04384726973863755,0.04067390133714351,-0.02734249085187912
-,0.08746631704887571,0.09935828047531041,0.049807097762823105
-,0.06628282980240692,0.08028562984822456,0.043584082275629044
-,0.07444847094442267,0.06719841583143574,0.06457743048667908
