Ground Truth MC JS,MC JS,Disc JS
0.030477458090970175,0.04741267440297592,0.04272061586380005
0.014077160804841685,-0.00701711918119161,-0.0246579647064209
0.023426805975007858,0.04518598251648496,0.02967354655265808
0.030908211140376313,-0.004397766561485564,0.0022853612899780273
0.01821700036739927,0.012869313047536359,-0.0006514489650726318
