Analytical KL,Ground Truth MC KL,MC KL,Disc KL
-,0.11885527689466599,0.11821241084850258,0.08966503292322159
-,0.03681083826760029,0.031859253071419374,-0.020206457003951073
-,0.07352979736124655,0.07552638095629853,0.014709360897541046
-,0.08488783438677412,0.09548482839789546,0.08732989430427551
-,0.04650416606622434,0.04698166414851782,-0.04334326088428497
