Analytical KL,Ground Truth MC KL,MC KL,Disc KL
-,3.4816613747590686,3.420694076984126,2.3492984771728516
-,3.797110493009265,3.892431476760389,6.64735221862793
-,2.6687877646236324,2.616506449408724,1.6703025102615356
-,0.4500939226117695,0.4500538369977409,0.2963951528072357
-,0.9000909012195726,0.8359787698776647,0.26687803864479065
