Ground Truth MC JS,MC JS,Disc JS
0.335760777268668,0.39383185518192376,0.385776549577713
0.4077771101413577,0.3528090404836515,0.3322344124317169
0.3575574659746343,0.27656171348281433,0.2633374333381653
0.1025701307100034,0.09262133192066409,0.07729145884513855
0.14014894635853672,0.23769281740850412,0.017909526824951172
