Analytical KL,Ground Truth MC KL,MC KL,Disc KL
-,2.831455707550049,2.069645404815674,3.9598915576934814
-,2.8251752853393555,3.410527467727661,2.8712029457092285
-,2.8272976875305176,2.814284563064575,1.6036183834075928
-,2.837111473083496,2.306861162185669,3.0165810585021973
-,2.8265700340270996,2.592167377471924,4.055641174316406
