Ground Truth MC JS,MC JS,Disc JS
0.42166435718536377,0.2688252925872803,0.08175542950630188
0.42267662286758423,0.38822218775749207,0.4096960425376892
0.4207747280597687,0.42024052143096924,0.38023313879966736
0.4236232042312622,0.4675898551940918,0.43357452750205994
0.4219832122325897,0.47784554958343506,0.39325857162475586
